Authors,Title,Year,Source,Term
"A Arora, R West, M Gerlach",Orphan Articles: The Dark Matter of Wikipedia,2024,Proceedings of the Eighteenth International AAAI Conference on Web and Social Media (ICWSM 2024),Art+Feminism
A Burkhardt,Dialing Up the Volume.,2022,Appalachian Journal,Art+Feminism
"A Collier, SL Watulak",Critical Digital Pedagogy Across Learning Ecologies,2023,Critical Digital Pedagogy in Higher Education,Art+Feminism
Á Conlon,Capturing art: exploring the role of the academic art librarian in the modern world,2020,"Capturing Art: Exploring the Role of the Academic Art Librarian in the
Modern World",Art+Feminism
A Duncan,Towards an activist research: Is Wikipedia the problem or the solution?,2020,Art Libraries Journal,Art+Feminism
"A Duncan, V Eades-Miller, A Ramejkis",Opening Spaces for Creative and Critical Enquiry,2022,Narrative Expansions: Interpreting …,Art+Feminism
A Foster-Kaufman,Wikipedia-based assignments and critical information literacy: A case study,2019,Wikipedia-Based Assignments and Critical Information Literacy,Art+Feminism
"A Kraft, E Soulier",Knowledge-Enhanced Language Models Are Not Bias-Proof: Situated Knowledge and Epistemic Injustice in AI,2024,"The 2024 ACM Conference on Fairness, Accountability, and Transparency",Art+Feminism
"A Kraft, R Usbeck","The lifecycle of"" facts"": A survey of social bias in knowledge graphs",2022,arXiv preprint arXiv:2210.03353,Art+Feminism
A Lockett,The traditional research paper is best,2017,BAD IDEAS,Art+Feminism
"A Lockett, RD Babcock, DA Hart","Defining Access to Undergraduate Research in Writing Studies: A Proposed Model for Increasing Support, Opportunity, and Participation",2021,"Defining Access to Undergraduate Research in Writing Studies: A Proposed Model for Increasing Support, Opportunity, and Participation",Art+Feminism
A Matsuuchi,Connecting Wikipedia and the Archive: Building a Public History of HIV/AIDS in New York City.,2017,WikiStudies,Art+Feminism
"A Nolte, IA Chounta, JD Herbsleb",What happens to all these hackathon projects? Identifying factors to promote hackathon project continuation,2020,Proceedings of the ACM on Human …,Art+Feminism
A Pawłowska,What is History of Art in the 20 th and 21 st Century–a Few Theoretical Problems,2019,"What is History of Art in the 20th and 21st
Century – a Few Theoretical Problems",Art and Feminism
"A Pratesi, W Miller, E Sutton",Democratizing knowledge,2019,The Radical Teacher,Art+Feminism
A Provo,Semantic Encyclopedias and Boolean Dreams,2022,KULA,Art+Feminism
"A Ramejkis, V Eades-Miller, A Duncan",Opening Spaces for Creative and Critical Enquiry,2022,Opening spaces for creative and critical inquiry,Art+Feminism
"A Sharrocks, C Qualmann",Walking women: A study room guide on women using walking in their practice,2017,"WALKING WOMEN
A Study Room Guide on women using walking
in their practice",Art+Feminism
"A Stinson, J Evans",Bringing Wiki (p/m) edians into the Conversation at Libraries,2018,"""Leveraging Wikipedia: Connecting Communities of Knowledge""",Art+Feminism
A Washko,From webcams to Wikipedia,2016,"There Is An Art & Feminism Online Social Movement
 Happening and It Is Not Going Away
",Art+Feminism
A Washko,From webcams to wikipedia there is an art &feminism online social movement: Happening and it is not going away,2016,"Nordisk Tidsskrift for Informationsvidenskab og Kulturformidling, årg. 5, nr. 1, 2016",Art+Feminism
AD Purcell,"IAWA Archivist's Report, 2018",2018,"IAWA Archivist’s Report, January-December 2018",Art+Feminism
AG Dastider,"A Brief Analysis of Bengali Wikipedia's Journey to 100,000",2021,"A Brief Analysis of Bengali Wikipedia’s Journey to 100,000
Articles",Art+Feminism
AK Hamlin,Beyond Survival in Art and Art History: Fifteen Futures Already Alive,2019,Art Journal Open,Art+Feminism
AK Hamlin,Writing women artists into Wikipedia,2020,Extraordinary partnerships: How the Arts and Humanities are Transforming America Christine Henseler.,Art+Feminism
"AM Furness, P Poletto",Extending the Conversation: Art Gallery of Ontario Artists in Residence and the Edward P. Taylor Library &Archives,2024,International Journal of Librarianship,Art+Feminism
"B Madden, A Scholten",Cookbook of Remote and Hybrid Instructional Strategies in Art History,2020,"Cookbook of Remote and Hybrid
Instructional Strategies in Art History",Art+Feminism
"B Melis, M Fioravanti, C Paolini, D Metilli",How have you modelled my gender? Reconstructing the history of gender representation in Wikidata,2024,Internet Histories,Art+Feminism
BM Koteeswaran,Bridging the Gender Gap,2021,Bridging the Gender Gap,Art+Feminism
BM Smith Flores,Decolonial Perspectives: Insights from Afro-Latin Museological Practice,2023,Insights from Afro-Latin Museological Practice,Art+Feminism
BMS Flores,Decolonial Perspectives: Insights From Afro-Latin Museological Practice,2023,Insights from Afro-Latin Museological Practice,Art+Feminism
"BP Fiedler, R Mitola, J Cheng",Responding to hate: How national and local incidents sparked action at the UNLV University Libraries,2020,Reference Services Review,Art+Feminism
C Ball,Using Wikipedia to explore issues of systemic bias and symbolic annihilation in information sources,2021,"Using Wikipedia to Explore Issues of Systemic Bias and
Symbolic Annihilation in Information Sources. Caroline Ball",Art+Feminism
C Baron,"From “Don't Use It” to “Let's Edit!” Using Wikipedia to Teach the ARLIS/NA Art, Architecture, and Design Information Competencies",2020,Art Documentation: Journal of the Art Libraries Journal of the Art Libraries,Art+Feminism
"C Baron, M Schoen",Rethinking Visual Resources Centers in the Digital Age: Case Studies at the University of Georgia and the University of Michigan,2014,ThinkIR: The Univ ThinkIR: The University of Louisville ersity of Louisville's Institutional Reposit s Institutional Repository,Art+Feminism
"C Baron, O Eckert",The Kentucky Women Artists Timeline,2021,ThinkIR: The Univ ThinkIR: The University of Louisville ersity of Louisville's Institutional Reposit s Institutional Repository,Art+Feminism
C Korsmeyer,Efervescencias salvajes: una mirada retrospectiva al arte feminista,2018,Anales de Historia del Arte,Art+Feminism
C Korsmeyer,Wild effervescences: a retrospective look at feminist art,2018,Anales de Historia del Arte,Art+Feminism
"C López, R Farzan",Designing for digital inclusion: a post-hoc evaluation of a civic technology,2017,"… : 9th International Conference, SocInfo 2017, Oxford …",Art+Feminism
C MacArthur,The Effects of Ambiguity: A Feminist Study of Human Signifiers in Human-Computer Interaction,2016,"The Effects of Ambiguity:
A Feminist Study of Human Signifiers in
Human-Computer Interaction",Art+Feminism
C Meyer,"“If You Want to Change the World, Edit Wikipedia”: Mitigating the Gender Gap and Systemic Bias on Wikipedia",2022,Mitigating the Gender Gap and Systemic Bias on Wikipedia,Art+Feminism
C Rivard,"“Flagged for Deletion”: Wikipedia, the Federal Writers' Project, and First-Year Composition",2022,"Teaching through the Archives: Text, Collaboration …",Art+Feminism
C Stine,Crowdsourced pedagogy: Editing Wikipedia and the Framework for Information Literacy for Higher Education,2022,College &Research Libraries News,Art+Feminism
C Strzelecka,Cyfrowe wiedźmy Wikipedii,2021,Czas Kultury,Art+Feminism
C Terry,Annual Report of the RISD Fleet Library 2014-2015,2015,Annual Report of the RISD Fleet Library 2014-2015,Art+Feminism
C Terry,Annual Report of the RISD Fleet Library 2015-2016,2016,Annual Report of the RISD Fleet Library 2015-2016,Art+Feminism
C Wolifson,"Patriotism, patriarchy and politics",2015,Art Monthly Australia,Art+Feminism
D Alemany,Making women's history matter: Female presence in and through Wikipedia,2017,"Making women’s history matter: Female presence in and through
Wikipedia ",Art+Feminism
D Gaertner,# HonouringIndigenousWriters: Visiting with and through Indigenous Literatures in the “Digital Turn”,2023,Transmotion,Art+Feminism
"D Howard, L Irani",Ways of knowing when research subjects care,2019,Proceedings of the 2019 CHI Conference on Human …,Art+Feminism
"D Metilli, C Paolini",Non-binary Gender Representation in Wikidata,2023,Non-binary Gender Representation in Wikidata,Art+Feminism
"D Ramírez-Ordóñez, N Ferran-Ferrer, J Meneses","Wikipedia and gender: The deleted, the marked, and the unpolluted biographies",2022,"Wikipedia and gender: The deleted, the marked, and the
unpolluted biographies",Art+Feminism
D Robb,Exploring Imbalances on Wikipedia Through Archival Creation Theories,2024,The iJournal: Student Journal of the Faculty of …,Art+Feminism
D Robichaud,Wikipedia Edit-a-thons: Thinking Beyond the Warm Fuzzie,2017,Wikipedia Edit-a-thons: Thinking Beyond the Warm Fuzzies,Art+Feminism
"D Robichaud, K McCracken",Doing the work: Editing Wikipedia as an act of reconciliation,2018,"Doing the work: Editing Wikipedia as an
act of reconciliation",Art+Feminism
"DE Park, LM Bridges",Meet students where they are: Centering Wikipedia in the classroom,2022,Communications in information literacy,Art+Feminism
DHD De Fazio,Two on the Transsibérien: Examining Sonia Delaunay-Terk's La Prose du Transsibérien et de la Petite Jehanne De France and Kitty Maryatt's Faithful Re …,2023,"EXAMINING SONIA DELAUNAY-TERK’S
LA PROSE DU TRANSSIBÉRIEN ET DE LA PETITE JEHANNE DE FRANCE
AND KITTY MARYATT’S FAITHFUL RE-CREATION",Art+Feminism
"DW Mcdonald, M Zachry",On the Alignment Between Self-Declared Gender Identity and Topical Content from Wikipedia,2021,ACM Transactions on Social Computing,Art+Feminism
"E Arroyo-Ramirez, RL Chou, J Freedman, S Fujita…",The reach of a long-arm stapler: Calling in microaggressions in the LIS field through zine work,2018,Library Trends,Art+Feminism
"E Baker, L McNamara, B Mackay, K Vincent","How to contribute climate change information to Wikipedia: a guide for researchers, practitioners and communicators",2020,"HOW TO CONTRIBUTE CLIMATE CHANGE
INFORMATION TO WIKIPEDIA ",Art+Feminism
"E Brown, JE Pierce, L Chapin, A Nguyen, J Kramer…",161 SCHOLARLY COMMUNICATION Open access,2022,Association o f College & Research Libraries,Art+Feminism
"E Covington, D Arbino, G Bastone, E Gerberich…",DAC Blog 2021-03,2021,"University of TexasLibraries Diversity Action
Committee",Art+Feminism
E Joud,L'expérience de contribution non monétaire,2021,L’expérience de contribution non monétaire,Art+Feminism
E Kapsalis,Wikidata: Recruiting the crowd to power access to digital archives,2019,Journal of Radio &Audio Media,Art+Feminism
E Losh,Together apart: FemTechNet and feminist online collectives,2016,"Camera Obscura: Feminism, Culture, and Media …",Art+Feminism
"E Losh, J Wernimont, L Wexler, HA Wu","Putting the human back into the digital humanities: Feminism, generosity, and mess",2016,Debates in the digital humanities,Art+Feminism
E Phetteplace,How can libraries improve Wikipedia?,2015,Reference and User Services Quarterly,Art+Feminism
EJ Kelly,Assessing Impact of Medium-Sized Institution Digital Cultural Heritage on Wikimedia Projects,2019,Journal of Contemporary Archival Studies,Art+Feminism
G Purchio,Check Out the Library,2019,Humboldt State University Library,Art+Feminism
"H Ford, I Pensa, F Devouard…",Beyond notification: Filling gaps in peer production projects,2018,New Media & …,Art+Feminism
"H Ford, T Pietsch, K Tall",Gender and the invisibility of care on Wikipedia,2023,Big Data &Society,Art+Feminism
"H Webb, K Laing",Engaging with social media: the Emily Carr University of art and design library experience,2015,Art Documentation: Journal of the Art Libraries Society of North America,Art+Feminism
"HT Dyer, C Abidin",Understanding identity and platform cultures,2022,The SAGE handbook of digital society,Art+Feminism
"I Langrock, S González-Bailón",The gender divide in Wikipedia: Quantifying and assessing the impact of two feminist interventions,2022,Journal of Communication,Art+Feminism
IF Machado,"A elas, o protagonismo: um estudo sobre o projeto Art+ Feminism e as novas representações de mulheres artistas",2015,Trabalho de Conclusão de Curso (Graduação em …,Art+Feminism
J Castro Varón,Cita: a feminist open-access digital library and print-on-demand publisher,2018,"The Report Committee for Juliana Castro Varón
Certifies that this is the approved version of the following report",Art+Feminism
J Crilly,A reflexive lens: Critical librarianship at UAL,2019,Art Libraries Journal,Art+Feminism
"J Jensnäs, C Kelly",Kvinnor inom konst och feminism: En studie i feministisk symbolik inom nutidskonsten,2019,Women in art and feminism: A study in feminist symbolism in contemporary art.,Art and Feminism
"J Jiang, MA Vetter",Writing Against the 'Epistemology of Deceit'on Wikipedia: A Feminist New Materialist Perspective Towards Critical Media Literacy and Wikipedia-Based Education,2021,"The Epistemology of Deceit in a Postdigital Era,
Postdigital Science and Education",Art+Feminism
J Lubbock,Wikipedia and libraries,2018,Alexandria,Art+Feminism
J Mabey,"Not Mine Alone, Nor Mine to Own: Some Reflections on the Young Girl",2017,Journal of Feminist Scholarship,Art+Feminism
"J Minguillón, J Meneses, E Aibar, N Ferran-Ferrer…",Exploring the gender gap in the Spanish Wikipedia: Differences in engagement and editing practices,2021,PLoS one,Art+Feminism
"J Xing, M Vetter",Editing for equity: Understanding instructor motivations for integrating cross-disciplinary Wikipedia assignments,2020,First Monday,Art+Feminism
"JB Bear, B Collier",Where are the women in Wikipedia? Understanding the different psychological experiences of men and women in Wikipedia,2016,Sex roles,Art and Feminism
JCHJ Wilson,Asian American Female Composers and Digital Memory,2022,American Music,Art+Feminism
"JEG Acevedo, S Savage",AI-powered Chatbot for New Wikipedia Editors,2024,"AI-powered Chatbot for New Wikipedia
Editors",Art+Feminism
"K Aggestam, AB Rosamond, E Hedling","Visuality, Digital Visibility and Feminist Foreign Policy",2024, The Politics of Feminist Foreign Policy and Digital Diplomacy,Art+Feminism
"K De Voe, A Shaw","“Yeah, I Wrote That!”: Incorporating Critical Information Literacy to Build Community Inside and Outside of Wikipedia",2021,Temple University Libraries,Art+Feminism
K Deepwell,Art criticism and the state of feminist art criticism,2020,Arts,Art and Feminism
K Deepwell,"Correções, interrogatórios e políticas de intercâmbio local/global na crítica de arte feminista",2024,Revista do Instituto de Estudos Brasileiros,Art+Feminism
K Deepwell,"Corrections, interrogations and politics of local/global exchanges in feminist art criticism",2024,Revista do Instituto de Estudos Brasileiros,Art+Feminism
K Jesella,Just Click Publish: Doing Feminist History and Archiving on the Internet,2020,Doing Feminist History and Archiving on the Internet,Art+Feminism
K Kennedy,Wikipedians among Us: From Allies to Reformers,2021,"She Ji: The Journal of Design, Economics, and Innovation",Art+Feminism
K Parry,A theory of assembly: From museums to memes,2023,"A Theory of Assembly: From
Museums to Memes",Art+Feminism
KB Rosa,Design e feminismo: um kit para conversas sobre questões femininas,2018,um kit para conversas sobre questões femininas,Art+Feminism
"KT Huq, GL Ciampaglia",Survival of the Notable: Gender Asymmetry in Wikipedia Collective Deliberations,2024,arXiv preprint arXiv:2411.04340,Art+Feminism
L Agius,The Malta Artpaper: No. 13: December 2020-March 2021,2020,The Malta artpaper,Art+Feminism
L Appleton,Is critical art librarianship actually a thing?,2019,Art libraries journal,Art+Feminism
L Bollini,Missing in Action,2020,PAD# 19 Communication Design Apart,Art+Feminism
L Bollini,Missing in Action. Stories of Women of (Digital) Design,2020,PAD,Art+Feminism
L Garcia,Centering Intersectional Feminism Online: Equality Archive as Digital Humanities Praxis,2021,American Quarterly,Art+Feminism
"L March, S Dasgupta",Wikipedia edit-a-thons as sites of public pedagogy,2020,Proceedings of the ACM on Human-Computer Interaction,Art+Feminism
"L PRINCIPI, E RODRIGUEZ, J REYES",Journalist receives Hearst Award,2020,core.ac.uk,Art+Feminism
"L ROSSENOVA, K DI FRANCO","Remembering and recognizing do not take care of, or satisfy, or in any other way reduce one's responsibilities; rather, like all intra-actions, they extend the …",,artic.edu,Art+Feminism
L Soito,Freeing knowledge: Approaches to foster collaboration between academic libraries and the Wikipedia community,2017,Collaborative Librarianship,Art+Feminism
"LM Bridges, D Park…",Writing African American History into Wikipedia,2019,OLA Quarterly,Art+Feminism
LSL ALVAREZ,Presencia de las mujeres en el arte contemporáneo en la ciudad de León,2017,"PRESENCIA DE LAS MUJERES EN EL ARTE CONTEMPORÁNEO EN
LA CIUDAD DE LEÓN",Art and Feminism
M Bence,Az edit-a-thonok általi Wikipédia szerkesztés: Kompetencia-és készségfejlesztési lehetőségek a felsőoktatásban,2022,Tudományos és Műszaki Tájékoztatás,Art+Feminism
M Colquitt,"Library Service and Learning: Empowering Students, Inspiring Social Responsibility, and Building Community Connections",2019,"Review of Library Service and Learning:
Empowering Students, Inspiring Social
Responsibility, and Building Community
Connections",Art+Feminism
M Donatelli,Un'inquadratura: la biblioteca e l'universo femminile,2021,Biblioteche oggi,Art+Feminism
"M Ferré, L Ferrante",Wikipedia y feminismo. Cómo romper con la brecha de género,2018,Pedagogías Emergentes en la Sociedad  DIgital,Art+Feminism
M Friday,Women's History Month March 2018,2018,,[]
"M Gaffet, C Espy",The role of national libraries in contributing towards the sustainable development goal of gender equality,2016,"The role of national libraries in contributing towards the sustainable
development goal of gender equality",Art+Feminism
M Gandhi,"Participation, Engagement and Diversity: a study of Wiki's community building &integration practices in GLAM projects.",2024,"Participation, Engagement and
Diversity : a study of Wiki’s community
building & integration practices in GLAM
projects.",Art+Feminism
"M Gauthier, K Sawchuk",Not notable enough: feminism and expertise in Wikipedia,2017,Communication and critical/cultural Studies,Art+Feminism
"M Houtti, I Johnson, M Warncke-Wang…",Leveraging Recommender Systems to Reduce Content Gaps on Peer Production Platforms,2024,Proceedings of the Eighteenth International AAAI Conference on Web and Social Media (ICWSM 2024),Art+Feminism
"M Lemus-Rojas, TA Thompson",Bringing archival collections to Wikipedia with the Remixing Archival Metadata Project (RAMP) editor,2017,"Bringing archival collections to Wikipedia with the Remixing Archival
Metadata Project (RAMP) editor",Art+Feminism
M Lotts,"Outreach, Engagement, and Highlighting the Rutgers University Libraries Collections",2018,"Outreach, Engagement, and Highlighting the
Rutgers University Libraries Collections",Art+Feminism
"M Lotts, T Maharjan","Engagement, Learning, Outreach, and Fun in 60 Seconds: Button Making at the Rutgers University Libraries",2018,College and Research News,Art and Feminism
"M Miquel-Ribé, D Laniado",The Wikipedia Diversity Observatory: helping communities to bridge content gaps through interactive interfaces,2021,Journal of internet services and applications,Art+Feminism
"M Murphy, E Perrill, A Gaal, C Kelly…","Editing Wikipedia, Discovering Inquiry: Collaboration in a Modern and Contemporary African Art History Course",2021,"Submitted for publication to Art Documentation: Journal of the Art Libraries Society of
North America on 03/01/2021",Art+Feminism
"M Ridge, S Blickhan, M Ferriter…",12. Connecting with communities,2021,The Collective Wisdom Handbook: Perspectives on Crowdsourcing in Cultural Heritage - community review version,Art+Feminism
M Sengul-Jones,Intervening in Wikipedia: Feminist inquiries and opportunities,2018,Feminist Interventions in Participatory Media,Art+Feminism
M Severo,Can Wikipedia serve as a citizen science tool? Building knowledge between amateurs and institutions,2019,Wikipedia@ 20,Art+Feminism
M Siler,Beyond the Fountain Mapping a New Entry Point to the Society of Independent Artists,2022,Art Documentation: Journal of the Art Libraries …,Art+Feminism
"MA Vetter, J Andelfinger, S Asadolahi, W Cui, J Jiang…",The Journal of Multimodal Rhetorics,2018,journalofmultimodalrhetorics.com,Art+Feminism
"MA Vetter, K Pettiway",Hacking hetero/normative logics: Queer feminist media praxis in Wikipedia,2022,Masthead,Art+Feminism
MC Locay,A Reflection on the Dialectical Relationship of Librarian| Teacher: The Need for Pedagogical Training in Core MLIS Curriculum,2021,"A Reflection on the Dialectical Relationship of Librarian | Teacher:
The Need for Pedagogical Training in Core MLIS Curriculum",Art+Feminism
MD Espinosa,The Experience as a Document: Designing for the Future of Collaborative Remembering in Digital Archives,2020,"Designing for the future of
collaborative remembering in digital
archives",Art+Feminism
"MD Sheriff, ME Wiesner‐Hanks",How images got their gender: Masculinity and femininity in the visual arts,2020,A companion to global gender …,Art and Feminism
"ME Lemieux, R Zhang, F Tripodi",“too soon” to count? How gender and race cloud notability considerations on Wikipedia,2023,Big Data &Society,Art+Feminism
ME Macken,An overview of recent digital humanities initiatives in US art libraries,2021,Art Libraries Journal,Art+Feminism
MF Mojica López,Encontrarnos en la virtualidad: la creación de espacios (más) seguros en internet desde una perspectiva (trans) feminista e interseccional.,2022,"Encontrarnos en la virtualidad: la creaci´on
de espacios (m´as) seguros en internet
desde una perspectiva (trans)feminista e
interseccional.",Art+Feminism
"MO Igbinovia, O Okuonghae","African Librarians and the Future of Learning: Reflections from the 5thAfLIA Conference and 7th African Library Summit in Accra, Ghana",2023,Folia Toruniensia,Art+Feminism
N Mazur,"Malas Maestras: educación, género y conflicto en el sistema escolar argentino de Adrián Cammarota (2021) Buenos Aires, Grupo Editor Universitario, 98 pp.",2022,Estudios Sociales del Estado,Art+Feminism
"P Beytía, C Wagner",Visibility layers: a framework for systematising the gender gap in Wikipedia content,2022,Internet policy review,Art+Feminism
"P Guerra, S Sousa","Culturas DIY, feminismos e ativismos digitais",2023,"CULTURAS DIY, FEMINISMOS E ATIVISMOS DIGITAIS
DIY CULTURES, FEMINISMS AND DIGITAL ACTIVISM",Art+Feminism
"R Calvert, P DeMontfort",Conversation Piece: Still Invisible?,2016,British Art Studies,Art+Feminism
"R Castro, N Wallace",Academic Library-Supported Art+ Feminism Wikipedia Edit-A-Thons,2023,,[]
"R Farzan, S Savage, CF Saviaga",Bring on board new enthusiasts! A case study of impact of Wikipedia art+ feminism edit-a-thon events on newcomers,2016,Social Informatics,Art+Feminism
"R Haynes, C Pedersen",Collective Agency: Creative Communities in Australian Feminist Art,2022,… Belonging and Female Agency in the …,Art and Feminism
R Kodet,West Bohemian Historical Review IX| 2019| 2,2019,West Bohemian Historical Review,Art and Feminism
R O'Neill,MUSEUMS AND PARTICIPATORY CULTURE,2020,Museums and the Challenge of Change: Old …,Art+Feminism
"R Sliger Krause, J Rosenzweig…",Out of the vault: Developing a Wikipedia edit-a-thon to enhance public programming for university archives and special collections,2017,Journal of Western Archives,Art+Feminism
"R Thorndike-Breeze, GK Suiter",Hacking academic collaboration with GLAM Edit-a-thons,2017,Hacking Academic Collaboration with GLAM Edit-a-thons,Art+Feminism
R Wexelbaum,Coming out of the closet: Librarian advocacy to advance LGBTQ+ Wikipedia engagement,2019,LGBTQ+ librarianship in the 21st century: Emerging …,Art+Feminism
R Wexelbaum,"Edit Loud, Edit Proud: LGBTIQ+ Wikimedians and Global Information Activism",2019,Wikipedia@ 20,Art+Feminism
R Wexelbaum,Gay for No Pay: How to Maintain an LGBTQ+ Collection with No Budget,2018,Brick Click &,Art+Feminism
"S Allison-Cassin, A Armstrong, P Ayers, T Cramer…",ARL white paper on Wikidata: Opportunities and recommendations,2019,"ARL White Paper on Wikidata
Opportunities and Recommendations",Art+Feminism
"S Allison-Cassin, D Scott",Wikidata: a platform for your library's linked open data,2018,Code4Lib Journal,Art+Feminism
"S Beene, L Soito, L Kohl",Art catalogs unbound: overcoming challenges through engagement,2020,"Art Documentation: Journal of the Art Libraries Society of North America, vol. 39 (spring 2020)",Art+Feminism
S Bell,Wikipedia: From Academic Pariah to Campus Learning Partner,2016,Temple University Libraries,Art+Feminism
S Ehlers,Gender imbalance on Wikipedia—an insider's perspective,2008,Wikimedia diversity conference,Art and Feminism
S Evans,Art+ Feminism: an interview with Siân Evans,2019,Art Libraries Journal,Art+Feminism
"S Juan, E Oller",Uso de los ordenadores en los institutos por los jóvenes en el programa 2.0 de España,2019,Pedagogías emergentes en la sociedad digital,Art+Feminism
S Rackover,Wikipedia And The Library: Righting The Imbalance Of Creators And Content Through Community Edit-a-thons,2016,,[]
S Schumacher,Unlocking the Public Domain,2019,Visual Resources Association Bulletin,Art+Feminism
"S Severson, E O'Neil",Notes from the field: three wikimedian-in-residence case studies,2021,"Wikipedia and Academic
Libraries
A Global Project",Art+Feminism
S Wyer,"Folk Networks, Cyberfeminism, and Information Activism in the Art+ Feminism Wikipedia Edit-a-thon Series",2017,"FOLK NETWORKS, CYBERFEMINISM, AND INFORMATION ACTIVISM IN THE
ART+FEMINISM WIKIPEDIA EDIT-A-THON SERIES",Art+Feminism
SAB Perry,Wholehearted participation: Attuning to affect and immanence in a virtual field,2022,Anthropology and Humanism,Art+Feminism
"SC Ukwoma, NE Osadebe, VN Okafor…",Unveiling the veiled: Wikipedia collaborating with academic libraries in Africa in creating visibility for African women through Art+ Feminism Wikipedia edit-a-thon,2021,Digital Library Perspectives,Art+Feminism
SJ Jankowski,The Trouble with Knowing: Wikipedian consensus and the political design of encyclopedic media,2021,Wikipedian consensus and the political design of encyclopedic media,Art+Feminism
SM Jackson,"Disrupting the Designer: Applying a feminist, embodied, hermeneutic framework towards better understanding and disrupting visual design practice",2018,"Disrupting
the designer",Art and Feminism
T Burress,Associate Librarian,2020,Burress,Art+Feminism
"T Colwell, A O'Keefe",Streamlining support: Improving outreach by creating a sustainable events framework,2021,"Journal of
Library Outreach and
Engagement 1, no.2",Art+Feminism
"T Sant, E Tabone",Naked data: curating Wikidata as an artistic medium to interpret prehistoric figurines,2023,"International Journal of Performance Arts and Digital
Media",Art+Feminism
TE Jacobson,Analyzing information sources through the lens of the ACRL Framework: A case study of Wikipedia,2020,Communications in Information Literacy,Art+Feminism
TM Harrold,"“I'm No Cactus Expert, But I Know A Prick When I See One”-Image, Text, Therapy and Vengeance in Art by Women",2017,A thesis submitted for the degree of MA by Dissertation in Art and Design,Art and Feminism
"W Gluza, I Turaj, F Meier",Wikipedia edit-a-thons and editor experience: Lessons from a participatory observation,2021,Proceedings of the 17th International Symposium on Open Collaboration,Art+Feminism
"WHK Chun, W Soon, N Wardrip-Fruin…","Software Studies, Revisited. A Roundtable on the Software Studies Series at MIT Press",2022,Computational Culture – ISSN 2047-2390,Art+Feminism
"X Gallardo C, A Matsuuchi",My Books Will Be Read By Millions of People!”: The LaGuardia Community College Octavia E. Butler Project on Wikipedia.,2019,"My Books Will Be Read By Millions of People!”: The LaGuardia
Community College Octavia E. Butler Project on Wikipedia.",Art+Feminism
Y Guilat,Re-Reading Women Artists and Feminist Discourse in 1980s Israeli Art,2023,Israel Studies,Art and Feminism
Y Maciá Martínez,Mujeres de categoría: Utilización de los principios y estándares de los datos enlazados (linked open data) para visualizar las biografías de mujeres en la Viquipèdia,2022,"MUJERES DE
CATEGORÍA",Art+Feminism
Z Freney,"Making the New, Normal: Re-Presenting Mothers' Subjectivities and Their Creative Potential Against Persistent Patriarchal Models",2022,"Making the New, Normal:
re-presenting mothers’ subjectivities and
their creative potential against persistent
patriarchal models",Art and Feminism
О Чепелик,Арт+ фемінізм 2020: український і світовий контексти,2020,Мистецтвознавство України,Art+Feminism
אורנה שטיין,גוף הזיכרון: עיונים ביצירתה הבימתית של נעמי יואלי‎,2021‎,גוף הזיכרון: עיונים ביצירתה הבימתית של נעמי יואלי,Art and Feminism
B Kratovic,""" Duchampianska"" praktiker inom samtidskonsten",2020,,[]
LR Mayhew,"The Activist Essay: Art, Feminism and Wikipedia in the Classroom",2019,acuads.com.au,Art+Feminism
A Washko,"Out Of The Kitchen, Onto Your Screen, Into The Ether: A Case For An Online Art and Feminism Social Movement",2014,A feminist art movement online,Art and Feminism
C MEYER,"Uncovering Women's Stories: She Said, but Not According to Wikipedia",,Women Advancing Knowledge Equity,Art+Feminism
"LM Bridges, C Llebot",Los bibliotecarios como organizadores del movimiento Wikimedia en España: una investigación interpretiva que explora las actividades y sus motivaciones,2021,First Monday,Art+Feminism
"NB Thylstrup, D Agostinho, KE Veel…","Infrapolitics, Archival infrastructures and Digital Reparative Practices",2024,… Interventions in Praxis,Art+Feminism
P Lorente,Prácticas pedagógicas con Wikipedia en Educación Superior Universitaria,2024,,[]
P Lorente,Prácticas pedagógicas con Wikipedia en Educación Superior Universitaria. Análisis de experiencias en universidades públicas argentinas,2024,,[]
A Menking,"Speculum: Characterizing the creation, curation, reproduction, and neglect of women's health information on the English language Wikipedia",2019,,[]
"A Menking, J Rosenberg","WP: NOT, WP: NPOV, and other stories Wikipedia tells us: A feminist critique of Wikipedia's epistemology",2021,"Science, Technology, &Human …",Art+Feminism
"A Sengupta, S Bouterse, K Allmann","Build an internet for, and from, us all",2018,Nature,Art+Feminism
D Auger-Domínguez,Inclusion revolution: The essential guide to dismantling racial inequity in the workplace,2024,,[]
H Schmedes,–1.153 CHARACTERS. TOWARDS A QUEERFEMINIST INFRASTRUCTURAL CRITIQUE OF WIKIPEDIA,2024,FKW//Zeitschrift für Geschlechterforschung und …,Art+Feminism
H Steinert,Feministische Kritik an und in der Wikipedia,2023,kritische berichte-Zeitschrift für Kunst-und …,Art+Feminism
JC Edwards,Wiki women: Bringing women into Wikipedia through activism and pedagogy,2015,The History Teacher,Art+Feminism
L Ursachi,Wikipedia în educația universitară și rolul bibliotecarului de referințe,2020,Biblioteca,Art+Feminism
"LF Klein, MK Gold","10. Putting the Human Back into the Digital Humanities: Feminism, Generosity, and Mess",,muse.jhu.edu,Art+Feminism
"ML Aguirre, MA Bombín",Artearen historia digital parekiderantz: euskal emakume artistak Wikipedian,2022,Uztaro. Giza eta gizarte-zientzien …,ArtAndFeminism
"N Ratković, P Jerchel, PY Hsing…",Wikipedia and Its Sister Projects as Important Elements of the Teaching and Learning Process–a Review of the Global Situation,2020,Łódzkie Studia …,Art+Feminism
"Y Cong, K Zheng",Building a Feminist Dataset: Confronting algorithmic bias through the practice of thoughtful data collection,,mastersofmedia.hum.uva.nl,Art+Feminism
АИ Земскова,"Библиотеки и Википедия. Часть 1. Возможности сотрудничества публичных, вузовских и научных библиотек с Википедией",2017,Научные и технические библиотеки,Art+Feminism
"E Spiro, YY Ahn","Social Informatics: 8th International Conference, SocInfo 2016, Bellevue, WA, USA, November 11-14, 2016, Proceedings, Part II",2016,,[]
M Burdick,Queering Digital Activisms,2022,Stories of Feminist Protest and Resistance: Digital …,Art+Feminism
"TF TRIUMPH, KM HENZE",Women and Wikipedia,2017,Gender Issues and the Library: Case …,Art+Feminism
A Lih,"What Are Galleries, Libraries, Archives, and Museums (GLAM) to the Wikimedia Community",2018,Leveraging Wikipedia: Connecting Communities of …,Art+Feminism
BOB KOSOVSKY,"THERESA EMBREY is the chief librarian at the Pritzker Military Museum &Library. She has written articles and given conference presentations on history, genealogy …",2018,… Wikipedia: Connecting Communities of …,Art+Feminism
M Mitchell,Leveraging Wikipedia: connecting communities of knowledge,2019,,[]
M SENGUL-JONES,I'ma Librarian on Wikipedia,2018,… Wikipedia: Connecting Communities of …,Art+Feminism
S Snyder,Edit-a-thons and beyond,2018,Leveraging Wikipedia: Connecting communities of …,Art+Feminism
AK Hamlin,"Approaching intellectual emancipation: Critical reading in art, art history, and Wikipedia",2017,Critical reading across the curriculum: Humanities,Art+Feminism
"C BARON, O ECKERT",The Kentucky Women Artists Timeline: THE UOFL MARGARET M. BRIDWELL ART LIBRARY AND THE KENTUCKY FOUNDATION FOR WOMEN COLLABORATE TO …,2021,Kentucky Libraries,Art+Feminism
DR Plascencia,Medios digitales y el empoderamiento de las mujeres en América Latina: el caso de las editatonas,2021,Journal of Iberian and Latin American Research,Art+Feminism
E Losh,You are the main character: attribution and visibility on TikTok,2024,New Review of Hypermedia and Multimedia,Art+Feminism
E SOBRELab,III ENCUENTROS SOBRE DINÁMICAS DE COMU--NICACIÓN ACTUALES EN EL ARTE CONTEMPO--RÁNEO.,2024,SOBRE Lab,Art+Feminism
G Black,Museums and the digital revolution,2020,Museums and the Challenge of Change,Art+Feminism
"K Winesmith, S Anderson",Lara Day+ David Smith,2020,The Digital Future of Museums,Art+Feminism
"L Hays, MN Mallon",Using OER to Promote Inclusion in Higher Education Institutions.,2021,Currents in Teaching &Learning,Art+Feminism
M Gandhi,Participatory Engagement and Methods in Digital Humanities,2024,Practices of Digital Humanities in India,Art+Feminism
"M Spongberg, GL Walker, K Whipp",Female biography and the digital turn,2020,Feminist Histories and Digital …,Art+Feminism
M Taft,"Alternative Spaces in Chicago, Alternative Histories of Chicago",2021,,[]
"MA Vetter, KS Sarraf, E Woods","Assessing the Art+ feminism Edit-a-thon for Wikipedia literacy, learning outcomes, and critical thinking",2022,Interactive Learning Environments,Art+Feminism
"P De Montfort, RE Calvert",Still Invisible?,2016,British Art Studies,Art+Feminism
"R Nevel, L Moore",Wikipedia and Archaeology,2024,The Routledge Handbook of Archaeology and …,Art+Feminism
R O'Neill,Museums and Participatory Culture: Wikimedia and GLAM,2020,Museums and the Challenge of Change,Art+Feminism
"S LaPorte, P Ayers","Common Interests: Libraries, the Knowledge Commons, and Public Policy",2016,ISJLP,Art+Feminism
S Sparviero,The contribution of global media to ethical capitalism,2021,The Routledge Handbook of Digital Media and …,Art and Feminism
"NE Osadebe, SC Ukwoma, EO Njoku…",Wikipedia edit-a-thon in a Nigerian academic library.,2022,Library Philosophy …,Art+Feminism
AM Kermarrec,W comme Wikipédia,2021,Hors collection,Art+Feminism
C Bjork-James,New maps for an inclusive Wikipedia: decolonial scholarship and strategies to counter systemic bias,2021,New Review of Hypermedia and Multimedia,Art+Feminism
"J Pasricha, AJE Fisher",Writing Women into Wikipedia,,Participatory Research and Inquiry,Art+Feminism
"R Dwyer, L Jenemann",The Wheel of Wikipedia Collaborating at Boston University Libraries,2023,Cases on Establishing Effective …,Art+Feminism
,3406 Bände Wikipedia,2016.0,Frankfurter Rundschau,[]
Clémentine Mercier,"«Algotaylorism», plus Web la vie",2020.0,Libération,
Wolfgang Kumm,Artist Michael Mandiberg presents installation in Berlin,2016.0,European Press Agency (EPA),
"Tymon Smith, Andrea Nagel",BOOK BITES,2015.0,The Times (South Africa),
Emma Whitford,Check Out One Artist's Attempt to Print Out The Entirety Of Wikipedia,2015.0,Gothamist,
Jennifer Schuessler,"Cheeseburgers, Oil and Minimum Wage: Building a Museum of Capitalism",2019.0,The New York Times - International Edition,
Kate Knibbs,"Chipping away at Wikipedia's gender bias, one article at a time",2014.0,The Daily Dot,
Jennifer Schuessler,Consigned to the Museum Heap of History,2019.0,The New York Times,
irene opezzo,Così l'arte contemporanea mette in scena la crisi,2017.0,La Stampa,
Gijsbert van Es,"""De toekomst herhaalt zich in het Evoluon""",2022.0,NRC,
Herbert Pfortmüller,Deine Kunst ist meine Kunst Appropriation-Art - Spannungsfeld zwischen Kunst und Recht,2009.0,Neue Zürcher Zeitung,
Alex Greenberger,Denny Gallery to Close After a Decade Becoming the Latest Downtown New York Space to Shutter,2023.0,Art in America,
Axel Christoph Gampp,"Die Kopie vom Original der Kopie Die Zeitung ist das Medium der Vervielfältigung schlechthin, aber m",2016.0,Neue Zürcher Zeitung,
Mark Moorman,Dit portret uit 1936 bezorgde haar fotograaf wereldfaam maar wat had Allie Mae daaraan,2022.0,Die Volkskrant,
M. M.,El KM invita a revisar la historia del 'net-art' con 35 artistas,2004.0,El Pais,
,"El SabadellHerrero rinde tributo a la estética y técnica fotográfica; Titulada 'Yo quería ser fotógrafo', la exposición que se nutre con fondos de Foto",2017.0,El Comercio,[]
Yue Wu,Exhibition aims to show the meaning of curating,2015.0,The Lantern: Ohio State University (Columbus),
Steve Dinneen,GOING OUT MOVIES OUT NOW,2019.0,City A.M.,
Tanner Stechnij,In the Stacks: Print Wikipedia' displays knowledge as art,2016.0,The State Press: Arizona State University,
Wendy Woods,Internet Update,2001.0,Newsbytes,
Carl Wilkinson,Is it worth it?,2015.0,"Financial Times (London, England)",
,"""Kein Titel""",2016.0,Stuttgarter Zeitung Verlagsgesellschaft GmbH Alle Rechte vorbehalten,[]
Tom Mustroph,"""Kreativität und Kapital Im digitalen Austausch_ Die Eintritt in ein Lebewesen -Schau im Bethanien v""",2020.0,Die Tageszeitung (TAZ),
,"""Kunstprojekt macht Deutsche Wikipedia als Bibliothek begehbar""",2016.0,SDA - Basisdienst Deutsch,[]
,"""Kunstprojekt macht Wikipedia als Bibliothek begehbar""",2016.0,Deutsche Presse-Agentur Alle Rechte Vorbehalten,[]
,"""Kunstprojekt macht Wikipedia begehbar""",2016.0,Schwarzwälder Bote,[]
Fabien Paillot,Le boulot des petites mains anonymes,2015.0,Sud Ouest,
ROBERTA BOSCO,Llévese una copia fotográfica autentificada Foto Colectania plantea en una muestra el debate sobre autoría y apropiación,2016.0,El Pais,
,de aaaaa ! à ZZZap ! Wikipédia s'expose,2015.0,GT10,[]
,dpa-AFX Überblick: VERMISCHTES vom 30.05.2016 - 16.45 Uhr,2016.0,dpa-AFX Wirtschaftsnachrichten GmbH Alle Rechte Vorbehalten,[]
,"Mein innerer Rembrandt Nach Joni Mitchell, Brad Pitt und Britney Spears macht nun auch der Musiker E.",2020.0,Zeitung,[]
BEN HOOPER,"New York artist creating 7,600-volume 'print edition' of Wikipedia",2015.0,UPI,
Anthony Fiducia,New art space opens inaugural exhibit,2017.0,"Register-Star (Hudson, New York)",
,Nicht zu begreifen,,M. DuMont Schauberg Alle Rechte vorbehalten,[]
,No Headline In Original,2016.0,Frankfurter Neue Presse (Regionalausgaben),[]
,Nuevos enfoques artísticos para la fotografía del siglo XXI La muestra 'Yo quería ser fotógrafo' de,2017.0,El Comercio,[]
,Plagiarism or homage?: the controversy behind the works of the artist Fatima Pecci Carou,2021.0,CE Noticias Financieras English,[]
Juan Batalla,Plagio u homenaje: la polémica detrás de las obras de la artista Fátima Pecci Carou,2021.0,Infobae,
,"Print Edition of Wikipedia Available for £314,000",2015.0,M2 PressWIRE,[]
,"Print edition of Wikipedia to sell for USD 500,000",2015.0,Philippines News Agency,[]
Luis López,Recrea artista Wikipedia... ¡con cientos de tomos!,2015.0,El Norte (Mexico),
,SM koopt digikunst,,Krant,[]
,Schijnvertoningen De mediakunstenaar,2012.0,Magazine,[]
,So groß ist Wikipedia Künstler macht Online-Enzyklopädie begehbar,2016.0,Zeitung,[]
MARK MOORMAN,Terug naar Allie Mae,2022.0,de Volkskrant,
,These print editions of Wikipedia show the futility of big data and are available for purchase From,2015.0,Independent Digital News and Media Limited,[]
,"This is what it looks like when you print out ALL of Wikipedia (and it only takes 25 days and 7,473 books!)",2015.0,MailOnline,[]
Beate Scheder,Virtuelles zum Anfassen: Doppelausstellung bei Import Projects Import Projects,2016.0,"taz, die tageszeitung",
,Vu sur le WEB,2015.0,La Montagne,[]
,Warme hand brengt foto tot leven,2018.0,HDC Media,[]
Paola van de Velde,Warme handen gezocht,2018.0,De Telegraaf,
,Wer glaubt noch ans Original: Wolfgang Beltracchi mag ein großer Kunstfälscher sein - seine Bilder g,2011.0,Zeitverlag Gerd Bucerius GmbH & Co.,[]
,"Wikipedia at 20: The internet's go-to reference site, by the numbers",,Newswire,[]
,Wikipedia ist jetzt als Bibliothek begehbar,2016.0,Welt kompakt,[]
,Wikipedia jetzt auch als Bibliothek,2016.0,B.Z.,[]
,Wikipedia printed for art,2015.0,The Straits Times (Singapore),[]
,Wikipedia wird zum Kunstprojekt,2016.0,Frankfurter Neue Presse (Regionalausgaben),[]
,"Wikipedia, endlich erfassbar",2016.0,Frankenpost,[]
DBP article duplicate?,"Wikipedia, endlich erfassbar",2016.0,"Druck- und Verlagsanstalt ""Neue Presse"" GmbH Alle Rechte vorbehalten",
,Wikipedia: 22 facts and curiosities of the online encyclopedia 22 years after its birth,,"Content Engine, LLC.",[]
Clara Brunel,Wikipédia : faire du neuf avec du vieux,2015.0,LePoint.fr,
,"Wunderbare Wissenswelt ONLINE-LEXIKON Eine Gesamtlektüre ist bei 2,5 Millionen Artikeln schier unmöglich",2020.0,M. DuMont Schauberg Alle Rechte vorbehalten,[]
,"You can soon buy a 7,471-volume printed version of Wikipedia for $500,000",2015.0,Newstex LLC All Rights Reserved,[]
Samuel Camenzind,On Clone as Genetic Copy: Critique of a Metaphor,2015.0,Nanoethics,
Matthias Kremp,Explorer mit Loechern,2006.0,Spiegel Online,
Samantha Amjadali,Buy a life!,2001.0,"Sunday Herald Sun (Melbourne, Australia)",
Samela Harris,Outback online survivor,2001.0,"The Advertiser (Adelaide, Australia)",
,Copycat,,Squarecylinder.com,[]
,The Art of Reading_ From William Kentridge to Wikipedia',,Khatt Foundation,[]
Tom Zillich,Wikipedia Edit-a-thon' in Surrey aims to correct 'significant gender gap' on online encyclopedia,2022.0,Surrey Leader,
Margaret Hillenbrand,"Remaking Tank Man, in China",,journal of visual culture,
"Kofi Boone, Molly Hemstreet, Janet Kagan, Adam Levin, D.W. Gibson, Blake Montieth, Chris Bendix & Joe Seymour, et al.",Carolina Planning Journal : Volume 41,2016.0,Carolina Planning Journal,
Жана Бусуттіл Залеські,Арт + фемі-нізм 2020,2021.0,Doi,
,AAP Archive Artist Publications,,www.artistbooks.de,[]
,Put your editing skills to the test with the National Museum of Women in the Arts’s Wikipedia Art and Feminism virtual edit-a-thon,2021.0,The New York Times,[]
"CEMBALEST, ROBIN",Museums Open Up to Power of Wiki,2015.0,Wall Street Journal,
,Check out a sample of the women artists who have been added to the annals of Wikipedia art history.,,Time Magazine,[]
Tanner Stechnij,In the Stacks: Print Wikipedia' displays knowledge as art,,"The State Press, Arizona State University",
Deirdre Perry,Wholehearted Participation: Attuning to Affect and Immanence in a Virtual Field,2022.0,Anthropology and Humanism,
,Bauhaus meets F_LOSS,2011.0,ospublish,[]
,Creating a safe space for tough issues,2015.0,UWIRE Text,[]
,Approaching Intellectual Emancipation,2017.0,"John Wiley & Sons, Inc.",[]
,Esteticas Del Media Art,,Dialnet,[]
,Inventar el futuro,,Orcid,[]
Steve Dixon,Identity art: The adaptive system of the authentic self,2020.0,Identity art,
Margaret Hillenbrand,Ducking the Firewall,2020.0,Negative Exposures: Knowing What Not to Know in Contemporary China,
,Edit-a-thon seeks to decrease gender gap on Wikipedia,2018.0,UWIRE Text,[]
Elena Lopez Martin and Borja Morgado Aguirre,"Fandom community, hacker ethic, open movement: influences on socially engaged contemporary net.art",2015.0,ETC Media,
,Harn hosts Wikipedia-editing marathon in name of feminism,2017.0,UWIRE Text,[]
Alessandro Ludovico,An e-publishing archaeology,,ISEA,
,If work becomes our life,,Domus,[]
,Imagine No Possessions,2002.0,Scotsman,[]
Kristine Tan,Information Wants to Be Free?: Art and the Internet,2022.0,Art & Market,
,MIL-OSI Australia: WOMEN'S ART REGISTER ART+FEMINISM WIKIPEDIA EDIT-A-THON,2019.0,ForeignAffairs.co.nz,[]
Maria Michails,"Mining data, making art",2015.0,Digital Creativity,
K Mulholland,Re-imagining the Art School,2019.0,tripleC,
Julia Jacobs,"Harassers Plague Wikipedia, Too. It's Fighting Back.",2019.0,New York Times,
Domenico Quaranta,,2023.0,NET ART,[]
Ben Hooper,"New York artist creating 7,600-volume 'print edition' of Wikipedia",2015.0,UPI NewsTrack,
Annette Gilbert,Open Call: Library of Artistic Print-on-Demand. Collection & Research,2019.0,OpenEdition,
,Out & about,2015.0,The Village Voice,[]
RC Baker,On the Books,,The Village Voice,
Patti Pente,Niche and Community Online: Artists’ Tactical Media Activities as Pedagogy,2016.0,"Politics and social activism / concepts, methodologies, tools, and applications",
Aaron Hick,Forgery and Appropriation in Art,2010.0,Philosophy Compass,
Luis López,Recrea artista Wikipedia... !con cientos de tomos!,2015.0,"El Norte (México D.F., México)",
,The Gender Divide in Wikipedia,,SSRN,[]
,"SURREY EVENTS: 'American Rock Legends' in concert, plus plays, comedy & more.",2024.0,Surrey Leader,[]
,Scrollen_im_Fluss,,springerin,[]
,TOP SHELF WIKI WHACK,2015.0,Herald Sun,[]
"Mathieu O’Neil, Christian Pentzold, and Sophie Toupin",Feminist Peer Production,2021.0,"John Wiley & Sons, Inc.",
"Cher Krause Knight, Harriet F. Senie","The Mass Media Frame: Pranking, Soap Operas, and Public Art",2016.0,onlinelibrary-wiley-com,
Yanai Toister,Latent digital,2020.0,Journal of Visual Art Practice,
,"UPI Own the Wikipedia 'print edition' for $500,000",2015.0,UPI,[]
Megan Kallus,UT School of Information to host feminist Wikipedia Edit-a-thon,2015.0,UWIRE Text,
"María Luisa Sánchez-Pérez, María Garrido-Román",Copias de copias: la apropiación de la apropiación en Arte Contemporáneo,2017.0,Observar,
,Wiki-ty Whack,2015.0,UWIRE Text,[]
"Rebecca Johinke, Frances Di Lauro",Wikipedia in higher education: practice what you teach,2020.0,DOI,
,NWSA Initiative Tackles Wikipedia Gender Gap,2016.0,wihe,[]
"Torie Bosch, Ellen Ullman, Key S. Chudler","\You are not expected to understand this\"" : how 26 lines of code changed the world""",2022.0,Princeton University Press,
Xtine Burrough,Net works : case studies in Web art and design,,cuny-gc.primo.exlibrisgroup,
HJS Tworek,Digitized Newspapers and the Hidden Transformation of History,2024.0,American Historical Review,
Christiane Paul,World of Art Series: Digital Art (Third Edition),2003,Thames and Hudson,
Edward A. Shanken,"Inventar el Futuro: Arte, Electricidad, Nuevos medios",2013,Departamento de Ficción,
Alessandro Ludovico,Post Digital Print: The Mutation of Publishing since 1894,2013,Onomatopee 77,
Linda Weintraub,To Life! Eco Art in Pursuit of a Sustainable Planet,2012,University of California Press,
Josephine Bosma,Nettitudes: Let’s Talk Net Art,2011,Institute of Network Cultures/NAi Publishers,
Gene McHugh,Post Internet: Notes on the Internet and Art,2011,LINK Editions,
Dominic Smith,Open Source Practices,2010,The Green Box,
Edward A. Shanken,"Art and Electronic Media, Themes and Movements Series",2009,Phaidon,
Marita Sturken and Lisa Cartwright,"Practices of Looking, An Introduction to Visual Culture",2008,Oxford Unversity Press,
Jean-Damien Collin,Quelques pratiques artistiques à l’ère de la numérisation,2007,Les Presses Du Reel,
The Upgrade,Upgrade! International: Oklahoma City DIY,2006,Upgrade!,
Reena Jana and Mark Tribe,New Media Art,2006,Taschen/Basic Art,
Joline Blais and Jon Ippolito,At the Edge of Art,2006,Thames and Hudson,
Olav Velthuis,Imaginary Economics: Contemporary Artists And The World Of Big Money,2005,NAi Publishers,
Rachel Greene,World of Art Series: Internet Art,2003,Thames and Hudson,
Miles Orvell,American Photography,2003,Oxford University Press,
Charlotte Kent,Glitching Time and Time-Based Media,2022,The Brooklyn Rail,
Duncan Forbes,Immaterial Tramp,2022,Camera Austria International,
Seph Rodney,"When an Artist’s Body Breaks Down, Human Relations Become Crucial",2021,Hyperallergic,
Francesco Ciaponi,La cultura dal digitale alla carta. Il progetto artistico sulle dimensioni di Wikipedia,2021,Artribune,
Rebecca Panovka,No Rest for the Wiki,2021,Book Forum,
Taylor Dafoe,‘It’s Memorializing How Unmemorable It Is’: Artist Michael Mandiberg on Painting Melancholy Portraits on Zoom,2020,Artnet,
Sophie Haigney,‘The Zoom Paintings’ are dispatches from a strange year,2020,The Economist,
Elena Giulia Rossi,Interview with Domenico Quaranta,2019,arshake.com,
Valerio Veneruso,Lavoro E Futuro: Hyperemployment a Lubiana,2019,Artribune,
Jenniffer Schuessler,"Cheeseburgers, Oil, and Minimum Wage: Building a Museum of Capitalism",2019,New York Times,
Casey Lesser,Watch an Artist Paint Every Assistant They’ve Ever Had,2019,Artsy,
Michelangelo Corsaro,"After Babel at Annex M, Athens",2019,ArtReview,
Annie Armstrong,Art + Feminism to Host Sixth Annual Edit-a-Thon,2019,ARTNews,
Ligaya Mishan,"In Literature, Who Decides When Homage Becomes Theft?",2018,New York Times Magazine,
Aurelio Cianciotta,"Quantified Self Portrait (One Year Performance), intimate flows.",2018,Neural,
Nadja Sayej,Wikipedia's forgotten women: inside the editing marathon to fix imbalance,2018,The Guardian,
Rachael Myrow,"Wikipedia Needs More Female Artists -- So Go Add Them, Says Stanford",2018,KQED,
Daniel A. Gross,An Annual Feminist Editing Session Takes on Wikipedia’s Gender Problem,2018,Hyperallergic,
Régine Debatty,"Failed Banks, Quantified Self, and Addition to the Infinite Scroll: an Interview with Michael Mandiberg",2017,We Make Money Not Art,
Valentina Tanni,L’arte nell’epoca del post-fail. Una mostra al Fotomuseum di Winterthur,2017,Artribune,
,Twenty Artists for the Trump Era,2017,Artsy,[]
Lily Silverton,How To Get More Women On Wikipedia,2017,Refinery 29,
Sarah Cascone,"Narrowing Gender Gap, Wikipedia Edit-a-Thon Writes 6,500 More Women Into Art History",2017,Artnews,
John Bonazzo,Feminist Artists Combat Wikipedia’s Gender Imbalance Through Editing Sessions,2017,The Observer,
Alan Smart,Futures // Common Knowledge: An Interview with Michael Mandiberg,2016,Berlin Art Link,
Jessica Binsch,"Einmal die Wikipedia ausdrucken, bitte!",2016,Süddeutsche Zeitung,
Jana Lapper,Künstler druckt das Internet aus 3.406 Bände voller Wikipedia,2016,TAZ,
Jim O’Donnell,This Is What Happens When You Try to Print Out the Entirety of Wikipedia,2016,Slate,
Seph Rodney,Where Do Banks Go When They Die?,2016,Hyperallergic,
Mark Singer,Making Art With Failed Banks,2016,The New Yorker,
Tina Rivers Ryan,Market Research,2016,Art in America,
Julia Halperin,Don’t bank on it: New York artist’s memorial to financial failures comes to Wall Street,2016,The Art Newspaper,
Talia Lavin,A Feminist Edit-a-Thon Seeks to Reshape Wikipedia,2016,New Yorker,
Liz Pelly,The feminist groups disrupting bro-tech culture in 2016,2016,Dazed,
Cynthia Allum,Women leading movements to champion equality on Wikipedia,2016,The New York Times,
Jade Angeles Fitton,"Third Annual Edit-a-thon to Bring More Women Artists, and Editors, to Wikipedia",2016,ArtSlant New York,
Hannah Ghorashi,Art + Feminism Announces Third Wikipedia Edit-A-Thon,2016,ARTnews,
Jennifer W. Leung,Michael Mandiberg,2015,Artforum,
Jennifer Schuessler,Print Wikipedia Reaches Final Entry,2015,New York Times,
Hannah Ghorashi,FROM AAAAA! TO ZZZAP!: MICHAEL MANDIBERG ON HIS PLAN TO PRINT WIKIPEDIA,2015,ARTnews,
Press Trust of India,"Printed Wikipedia for $500,000",2015,Times of India,
Giorgio Barrato,Wikipedia stampata: 7600 volumi costerebbero 450mila euro,2015,Wired (Italy),
Dan Damon,Why print copies of Wikipedia?,2015,BBC World Service,
Simone Cosimi,"Wikipedia, per stamparla su carta servono 8.000 volumi",2015,Vanity Fair (Italy),
Christopher Hooten,These print editions of Wikipedia show the futility of big data and are available for purchase,2015,Independent,
 ,Un artiste américain imprime la version anglaise de Wikipedia,2015,Libération,
Amah-Rose Abrams,"Artist Michael Mandiberg Turns Wikipedia into 7,600 Volumes for Gallery Show",2015,ArtNet News,
Dan Piepenbring,Printing Wikipedia,2015,The Paris Review,
Casey Quackenbush,Artist Converts Wikipedia to Print—Maybe It’s Not Dead After All,2015,New York Observer,
Stephan Felix,Wikipedia liegt auf dem Drucker,2015,Die Zeit,
Will Greenberg,"Ever Wonder what a $500,000 Version of Wikipedia Would Look Like?",2015,Washington Post,
Nicole Walsh,Meet the Man Printing Wikipedia as a Book,2015,Vice Creator’s Project,
Jennifer Schuessler,"Moving Wikipedia from Computer to Many, Many Bookshelves",2015,New York Times,
Madeline Brand,Inside a Wikipedia Editathon,2015,KCRW,
Sarah Cowan,Art-Minded Feminists Become Wikipedians for a Weekend,2015,Hyperallergic,
Hannah Ghorashi,Art+Feminism's 2015 Wikipedia Edit-A-Thon Adds 334 Articles on Female Artists,2015,ARTnews,
Anna Russell,‘Edit-a-Thon’ Volunteers Revamp Female Artists’ Wikipedia Profiles,2015,The Wall Street Journal,
Jennifer Schuessler,"MoMA to Host Wikipedia Editing Marathon, to Improve Coverage of Women in the Arts",2015,The New York Times,
Issie Lapowsky,Meet the Editors Fighting Racism and Sexism on Wikipedia,2015,Wired,
The Editors,The Agenda: This Week in New York,2015,Art in America,
Dawn Opel,A review of The Social Media Reader,2015,Kairos,
Joseph Henry,Querying the new appropriation art: is this cynicism?,2015,MoMUS,
Jonathan Jones,Is Wikipedia the best place to promote women in art?,2014,The Guardian,
Julie Bort,A Growing Army Of Women Are Taking On Wikipedia’s Sexism Problem,2014,Business Insider,
Avishay Artsy,Edit-a-thons aim to erase Wikipedia’s gender gap,2014,KCRW Radio,
Kat Stoeffel,Closing Wikipedia’s Gender Gap-Reluctantly,2014,New York Magazine,
Robin Cembalest,101 Women Who Got Wikipedia Pages This Week,2014,ARTNews,
Catherine Wagley,Wikipedia Becomes a Battleground for Art Activism,2014,LA Weekly,
Dorothy Howard,Wikipedia Meets Feminism,2014,The Daily Beast,
Erica Butler,"Fixing Wikipedia’s gender bias, one edit at a time",2014,Radio PRX-Public Radio Exchange,
Anthony Hicks and Corinna Kirsch,"This Must-See Art Events: Wikipedia Gets Edited, Artists Get (Pyramid) Schemed",2014,Art F City,
Sarah Mirk,An Epic Feminist Edit-a-Thon Takes Aim at Wikipedia’s Gender Gap,2014,Bitch Magazine,
Federico Ruberti,"Apprpriation art, tra plagio e provocazione, un punto di vista sul rapporto tra processo artistico e diritto d’autore",2013,Ideas in the Making,
Kyle Petreycik,"Tiananmen Square Censored Photos as Paintings, Made in China",2013,Animal,
Kyle Petreycik,In Search of an Alternative Art Education #AltEdu,2013,Hyperallergic,
Juliet Helmske,"Eco-Visualization, Aesthetics for Sustainability",2013,Urban Omnibus,
Danica Duca,"The Irreverent Plagiarists. After Sherrie Levine, Michael Mandiberg and Herman Zchiegner",2013,Interartive,
Alessandro Ludovico,The Social Media Reader,2012,Neural,
Edward A. Shanken,Investigatory art: Real-time systems and network culture,2012,NECSUS European Journal of Media Studies,
Damien Spry,The Social Media Reader [Book Review],2012,"Media International Australia, Incorporating Culture & Policy",
Lara Smith-Sitton,"The Social Media Reader, edited by Michael Mandiberg",2012,Studies in American Culture,
An Xiao,New Book Explores Social Media From Many Angles,2012,Hyperallergic,
Kate Armstrong,A Manual for the Discrete and the Continuous,2010,Fillip,
Lawrence Mullen,A Review of Digital Foundations: Intro to Media Design,2011,Visual Communication Quarterly,
Marita Sturken,AfterSherrieLevine.com,2010,"ASPECT, The Chronicle of New Media Art",
Lisa Radon,"Review: Michael Mandiberg, The Great Recession",2010,ultra,
Meike Laaf,Von null auf Buch in 120 Stunden,2010,Die Tageszeitung,
Macy Halford,"1,000 Words: OMG LOL",2010,The New Yorker,
Susanne Anker,Prime Objects and Body Doubles,2009,Art Journal,
Sean Patrick Farrell,Concepts Run Wild at Dutch-American Bike Slam,2009,The New York Times,
Jill Conner,Frames of Fear,2009,Afterimage,
Yaelle Amir,New Life,2009,Artslant,
Thomas Gideon,Advice from a Published Author on Negotiating a CC License,2009,Open Media Review,
Fred Benenson,Working with Publishers and Creative Commons,2009,Creative Commons,
Carol Ness,"He who steals my artwork steals... what, exactly?",2008,UCBerkeleyNews,
Ryan Griffis,Conducting Mobility,2008,Artlink,
Abigail Doan,ECO-VIS CHALLENGE: Imagining Better Ways of Living,2008,inhabitat,
Raimar Stange,In Media Res,2008,Flash Art,
Tiffany Holmes,Eco-Visualization: Promoting Environmental Stewardship in the Museum,2007,Journal of Museum Education,
Regine Debatty,Eyebeam’s Ecovisualiz Design Challenge,2007,We Make Money Not Art,
Valentina Tanni,PLUGIN ART,2007,DigiMag,
Mike Latarlow,Nowhere to hide when you use Real Costs,2007,Talking Wild,
Lisa De Guia,The Map: Real Costs,2007,Travelistic.com,
R. Bosco and S. Caldana,Llega el ‘plugin art’ para Firefo,2007,El Pais,
Jen Chung,Video of the Day: The Real Costs,2007,Gothamist.com,
Yasser Rashid,Oil Standard,2006,Furtherfield,
Dan Mitchell,What’s Online,2006,New York Times,
Matthias Kremp,Netzwelt-Ticker,2006,Spiegel Online,
Cory Doctorow,Firefox plugin converts dollars to barrels of oil,2006,BoingBoing.net,
Mike Yamamoto,A browser that values everything in oil,2006,Cnet’s News.com,
Jamais Cascio,How Much Is That In Oil?,2006,World Changing,
Josephine Bosma,The Body in Turbulence,2006,3 x 3: New Media Fix(es) on Turbulence,
Kevin Hamilton,Absence in Common: An Operator for the Inoperative Community,2006,intelligent agent,
Caitlin Jones,My Artworld is Bigger than Your Artworld,2005,The Believer,
Laetitia Sellam,Avec Mobiles Apparents,2005,Beaux Arts Magazine,
Sherri Irvin,Appropriation and Authorship in Contemporary Art,2005,British Journal of Aesthetics,
Rachel Metz,Far Apart but Intensely Connected,2005,Wired Online,
National Public Radio's Weekend America,Digitally Divided,2005,National Public Radio,
Robert W. Sweeny,"Three Funerals and a Wedding: Art Education, Digital Images, and an Aesthetics of Cloning",2005,Visual Arts Research,
Rachel Greene,Internet Art,2003,Thames and Hudson,
Marisa J. Futernick,Life Studies,2003,Contemporary Magazine,
Roberto Bosco and Stefano Caldana,Suplantación en Red,2002,Cyberpais/El Pais,
Bertrand Gauguet,"Mondialisation, Nouvelles Économies et Art sur Internet",2002,Parachute,
Robin Whitlaw,Command CV,2002,Afterimage,
Shannon Tan,Stuff of his life,2001,Miami Herald,
Claire Barliant,Net Worth,2001,Artbyte,
Reena Jana,Is it Art or Memorex?,2001,Wired Online,
Claire Barliant,First Person,2001,Artbyte.com,
Tilman Baumgartel,The Sell-Out Artists,2001,Eyestorm.com,
Simon Doonan,Try Purging the Boom Years and Start the New Age Clean,2001,New York Observer,
Samantha Amjaali,For Sale: the posessions of a lifetime,2001,Melbourne Herald Sun,
Greg Potter,Shopaholics alert!,2001,Vancouver Courier,
Achy Obejas,Identity for Sale,2001,Chicago Tribune,
Tilman Baumgartel,Der Ausverkauf des Selbsts,2001,Berliner Zeitung,
François Landon,Enchères en chaussette dépareillée,2001,Transfert.net,
Matthew Mirapaul,A Market for Flotsam and Jetsam as Performance Art,2001,New York Times,
Lessley Anderson,Now On Sale Online: Me,2001,The Industry Standard,
Ewa Wojtowicz,Time and Real-time in Online Art,2007,Hz,
Gavin Browning (Editor),The Studio-X New York Guide to Liberating New Forms of Conversation,2010,New York: Columbia University GSAPP Press,
Kevin McGarry,Pod Pals,2005,Rhizome,
S Wyer,"Folk Networks, Cyberfeminism, and Information Activism in the Art+ Feminism Wikipedia Edit-a-thon Series",2017,,[]
"W Gluza, I Turaj, F Meier",Wikipedia edit-a-thons and editor experience: Lessons from a participatory observation,2021,… of the 17th International Symposium on Open …,social media
B Güner,Çağdaş sanatta müellif sorunsalı,2013,,[]
G Reisinger,Synchrone Archive: Die digitale Quelle im Kontext musealer Sammlungen,2012,Museum multimedial: audiovisionäre Traditionen in …,AfterSherrieLevine.com
L Orán Llarena,Apropiación y simulacro en la representación visual a través de redes sociales. El caso de Instagram,2021,,[]
M Ros Tägtström,Musealisering av Internetkonst,2006,,[]
P Trutty-Coohill,Visualizing Tymieniecka's Approach to Originality,2010,Art Inspiring Transmutations of Life,AfterSherrieLevine.com
TL Azevedo,Texto e Imagem no fluxo de rede,2022,,[]
B Tapia Peralta,De lo virtual y lo real: apuntes para una estética de lo inmanente en el arte contemporáneo,2011,,[]
"C Bobb, A Română",Câteva reflecţii asupra începuturilor hermeneuticii ricoeuriene,,Revista Irregular F,"AfterWalkerEvans.com, AfterSherrieLevine.com"
C Fuchs,Social media: A critical introduction,2021,,[]
C Fuchs,Soziale Medien und Kritische Theorie: Eine Einführung,2021,,[]
"C Fuchs, M Sandoval","Critique, social media and the information society",2014,,[]
"C Fuchs, M Sandoval","Introduction: Critique, social media and the information society in the age of capitalist crisis",2013,"Critique, social media and the information …",social media
D Vagianos,"Digital Media and Society [Undergraduate textbook]. Kallipos, Open Academic Editions",2024,,[]
K Poortier,Locating Critical Space,,academia.edu,AfterSherrieLevine.com
KA Verschooren,. art: situating Internet art in the traditional institution for contemporary art,2007,,[]
M Lughi,"La riproduzione dell'opera d'arte dalla fotografia a internet. Diritti, diffusione, valorizzazione",2016,,[]
M Mundviller,Nanodramas: Identity Pills: l'identité et la consommation lue à travers l'oeuvre d'art Web,2011,,[]
MTT Costa,Control+ c: autoria na rede,2007,,[]
PJ Estévez Kubli,El ensamblaje escultórico: análisis y tipologías objetuales en el Arte Contemporáneo Mexicano,2012,,[]
R Pardo,El otro yo. De la autoficción al turismo identitario en el arte contemporáneo,2012,"Sans Soleil, 2012, num. 4, p. 74-93",Shop Mandiberg
RP Sainz,De la autoficción al turismo identitario en el arte CONTEMPoráneo,,academia.edu,Shop Mandiberg
TDYA COPYLEFT,Bianca Racioppe,,academia.edu,"AfterWalkerEvans.com, AfterSherrieLevine.com"
"V Šimice, R Silverio, J Chuchma",Nový obraz,2007,,[]
AJ Rüst,FEMINIZM4ALL: a framework for feminist technology intervention,2008,,[]
G Brisson-Darveau,Un état hors du temps,2011,,[]
A General,Nuevos conceptos fotográficos en la era digital,,aacadigital.com,AfterSherrieLevine.com
A Monteiro,CITAÇÃO PLÁGIO MENTIRA ROUBO estratégias da produção contemporânea: apropriações e rearticulações,,academia.edu,"AfterSherrieLevine.com, wikipedia"
"M Miranda, N Neumark",On the Internet: Turbulence and 1001 Nights of Networked Performance,2007,IEEE MultiMedia,In Network
"M Tribe, R Jana",New Media Art-Introduction,2007,"Brown University Wiki: Art, Technology and …",eyebeam
A Vink,Postmodern artists: Creators of a cultural movement,2018,,[]
"CP Salgado, R Barbanti, K Paparrigopoulos…",Art i decreixement,2016,,[]
H Klinke,Imitation als Interpiktorialität bei Joshua Reynolds,2013,Guido Isekenmeier (Hg.),"AfterWalkerEvans.com, AfterSherrieLevine.com"
K Sykora,Verrutschte Säume: Aneta Grzeszykowska re-inszeniert die Untitled Film Stills,2011,Re-Inszenierte Fotografie,AfterSherrieLevine.com
M Veyrat,"De l'information comme matériau artistique, vol. 2: Never mind",2016,,[]
A Brun del Re,Fabulations lectorales: inclusion et exclusion du lecteur dans la littérature franco-canadienne,2019,,[]
A Wallace,"Arts in IP law programmes: employing arts study, practice and pedagogy in law programmes-when students become creators",2023,Teaching Intellectual Property Law,AfterSherrieLevine.com
CM Miller,Landscapes of Mothering: Creating Maternal Identity Through Story,2018,,[]
DV Jesus,Apropriação e inserção na contra-arte da geração AI-5,2010,,[]
G Knox,"Art/Science Big Data: Parts 1, 2 and 3",2016,Leonardo,wikipedia
H Rogers,“Welcome to your world”: YouTube and the Reconfiguration of Music's Gatekeepers,2023,,[]
"I Arns, F Saavedra-Lara, M Watts, BP Kremer…",The Oil Show,2011,,[]
K Hendershott-Kraetzer,"Juliet, I prosume? or Shakespeare and the social network",2023,,[]
L Schmidt,Con las cabezas en la nube. Arte ecológico en la era post-digital,2019,,[]
"LM Veiga¹, TP Monteiro",Estratégias contemporâneas: pensamento em rede e apropriações,,academia.edu,AfterSherrieLevine.com
"M Johann, L Bülow",Die Verbreitung von Internet-Memes: empirische Befunde zur Diffusion von Bild-Sprache-Texten in den sozialen Medien,2018,kommunikation@ gesellschaft,In Network
M Semlak,Wissenschaftliche Terminologien zu netzbasierten Kunstformen/vorgelegt von Martina Semlak,,unipub.uni-graz.at,AfterSherrieLevine.com
"MDM Garrido Román, LM Sánchez Pérez",Telos y repetición: Espíritu y Banausia como búsqueda en arte,2016,,[]
N Arisawa,Arte e guerrilha na internet,2011,,[]
P Smejkal,Autor je mŕtvy. Nech žije umenie!,,itf.cz,AfterWalkerEvans.com
"RC MARINHO, UMESAM FOTOGRÁFICA, E USO…",MESTRADO EM ARTES PROGRAMA DE PÓS-GRADUAÇÃO DE ARTES,,sappg.ufes.br,AfterSherrieLevine.com
Ş Kandil,1960 sonrası sanatta kadın sanatçılar ve portre çalışmaları,2023,,[]
S Rozmanitová,Remix na YouTube: Od uměleckých strategií k uživatelským taktikám,2012,,[]
SG Bonneau,Ex Post Modernism: How the First Amendment Framed Nonrepresentational Art,2015,Colum. JL &Arts,AfterSherrieLevine.com
TG Travisani,Imagem digital em movimento,2008,,[]
AJ Blatt,Telling pictures: The traffic of images in contemporary French fiction,2005,,[]
AJ Bottomley,Internet radio: a history of a medium in transition,2016,,[]
"ANO LETIVO, PEP DE DESENVOLVIMENTO",SO185–Sociologia da Tecnologia I: vida eletrônica,,pedroferreira.net.br,In Network
C Petronis,Blurring Contagion in the Information Age: How COVID-19 Troubles the Boundaries of the Biomedical and Socioinformatic,2021,Duke UP,In Network
"D De Roure, P Willcox",Scholarly social machines: A web science perspective on our knowledge infrastructure,2020,Proceedings of the 12th ACM Conference on …,"Print Wikipedia, Print Wikipedia"
F Guzda-Rivière,"L'au (c) torité de l'artiste et ses paradoxes: tentative de relecture historique, critique et poïétique du statut de l'artiste",2018,,[]
F Pestana,A Wikipédia como recurso educacional aberto: um contributo para o Programa Wikipédia na Universidade,2018,,[]
J Skinner,Postproduction of Self: Using YouTube—a Social Search for Feeling,2015,,[]
K Mahy,La protection juridique des photographies,2016,,[]
L Carreira,Experimental curating in times of the perpetual beta,2017,,[]
L Pagola,Tensiones en la noción de autoría en los procesos de producción artística con tecnología,2011,"Poéticas tecnológicas, transdisciplina y sociedad.",turbulenc.org
LMP dos Santos,Espaços de criatividade da arte contemporânea em contexto escolar,2012,,[]
M MUNDVILLER,NANODRAMAS: IDENTITY PILLS,2011,,[]
M Porttikivi,Organisaatioiden diskursiivinen legitimaatio kiistelevässä verkkojulkisuudessa,2016,,[]
M Sánchez Berenguer,COMPOSICIÓN Y CONSTRUCCIÓN PICTÓRICA. OBRA PERSONA,2016,,[]
MA Ahumada Medrano,Ejercicios de resistencia a los discursos institucionales del arte,2014,,[]
MA Bulhões,Transterritórios: campo da arte e internet,2010,Visualidades,AfterSherrieLevine.com
"P Seargeant, C Tagg",Introduction: The language of social media,2014,The language of social media: Identity and …,wikipedia
S Allanis,Photojournalism and Citizen Journalism,,api.taylorfrancis.com,In Network
S Cetto,Post-Digital Printing: Exploring the Relation between Print and Digital Publishing,2021,,[]
T Allmer,Critical theory and social media: between emancipation and commodification,2015,,[]
"V Bradbury, M Ghidini, R Hunter, S O'Hara, D Smith",CRUMB doctoral research: reflections on creating and exhibiting digital art.,2013,,[]
"林欣怡, 賴雯淑",星叢‧ 複線‧ 集合: 網路前衛藝術美學語言,2012,,[]
LA Heymann,Everything is transformative: Fair use and reader response,2008,Columbia Journal of Law &the Arts,AfterSherrieLevine.com
